group,name_ko,name_en,image,location
company,Kim Jeongyoon,PM,contact/kjy.jpg,"0,0"
company,Kim Jeongyoon,PL,contact/kjy.jpg,"0,1"
univ,Kim Jeongyoon,Professor,contact/kjy.jpg,"0,0"
univ,Kim Jeongyoon,Professor,contact/kjy.jpg,"0,1"
students,Kim Jeongyoon,Researcher,contact/kjy.jpg,"0,0"
students,Kim Jeongyoon,Researcher,contact/kjy.jpg,"0,1"
students,Kim Jeongyoon,Researcher,contact/kjy.jpg,"0,2"
students,Kim Jeongyoon,Researcher,contact/kjy.jpg,"0,3"
students,Kim Jeongyoon,Researcher,contact/kjy.jpg,"1,0"
